{"plazas2024":343,"plazas2026":150,"cutoffFinal2024":7.1163,"examScores2024":[-0.045700000000000074,-0.6681000000000008,-0.9960000000000004,-0.12480000000000047,-0.17409999999999926,5.8233,-1.2294,1.4290000000000003,-1.3224999999999998,4.1556999999999995,-1.3752999999999993,0.03509999999999991,0.7366999999999999,-1.4780999999999995,-0.9075000000000006,2.8362000000000007,-0.0995999999999988,-0.9351000000000003,-1.5184999999999995,-0.1593,8.4193,-0.0708000000000002,-1.1610999999999994,-0.6621000000000006,-1.6723,-0.20359999999999978,-0.45870000000000033,0.5168999999999997,-1.7573000000000008,3.9924,1.6108000000000011,-0.49409999999999954,-1.8049,0.19059999999999988,0.33950000000000014,-1.8437000000000001,1.5489000000000006,-0.8934999999999995,0.022500000000000853,-1.4076000000000004,-0.9260000000000002,-1.9367999999999999,-0.19079999999999941,-0.9478000000000009,0.1982999999999988,3.3800999999999988,-0.0019000000000000128,-1.3709999999999996,2.0739,-0.934000000000001,-0.8576999999999995,-0.6080999999999994,3.963,1.2123999999999997,1.0434,0.19270000000000032,-0.8127000000000004,0.26750000000000007,1.3432999999999993,-1.0751,0.2567000000000004,-2.0787000000000004,4.9137,-1.9224999999999994,-1.0139000000000005,-1.6850999999999994,3.3901000000000003,1.7947999999999995,4.8697,-0.6372999999999998,1.194,0.10470000000000024,0.7692999999999994,0.08900000000000041,-1.1680000000000001,0.125,0.9911999999999992,0.6517,-1.516399999999999,0.06369999999999987,4.8073,-0.19460000000000033,-2.1997999999999998,-0.2900999999999998,-0.3407,0.03359999999999985,-0.053300000000000125,-1.2332999999999998,-1.2335000000000003,2.0885000000000007,-0.24950000000000028,-0.08910000000000018,1.2394999999999996,0.4743000000000004,7.7205,-2.2908,3.0392,-1.1275999999999993,1.3697,1.0003000000000002,1.1885000000000003,2.3458999999999994,4.728,-0.3323999999999998,-2.3427,-0.09299999999999997,2.6535,0.47750000000000004,-0.4397999999999991,-0.35749999999999993,0.4737,1.8855000000000004,-0.8700000000000001,0.33590000000000053,-2.3821000000000003,1.5334999999999992,0.19930000000000003,-0.6364999999999998,-0.2240000000000002,-0.8939000000000004,-0.6550000000000002,-1.2592999999999996,-0.49299999999999944,0.7507999999999999,-0.16999999999999993,-2.42,-0.593700000000001,3.0707000000000004,1.1515000000000004,-1.436,-0.02200000000000024,-0.3575999999999997,1.1305000000000005,1.4609999999999994,1.7939999999999996,2.0435,-1.5420999999999996,0.7036999999999995,0.7790999999999997,1.2759,2.2253,-0.4794999999999998,3.0197000000000003,0.18189999999999973,2.5545,0.17680000000000007,1.3359000000000005,-1.4996999999999998,-1.4577999999999989,5.9897,3.4053999999999993,-0.7641999999999998,0.8120000000000003,-0.8562999999999992,0.6800000000000006,1.9711999999999996,1.7688999999999995,2.9672,1.9665999999999997,-2.5401,-1.9930999999999992,-0.9671000000000003,-0.4599000000000002,-0.0041999999999999815,2.4446000000000003,1.0278,0.7698,2.9267000000000003,-1.0734000000000004,1.0575,-0.8758000000000008,0.07339999999999947,1.8194999999999997,2.5694,-0.5974000000000004,1.0824999999999996,1.0597999999999992,-0.14309999999999956,1.8855000000000004,0.9258999999999995,1.0504999999999995,-1.083099999999999,1.2909999999999995,0.6692,-0.4229000000000003,1.6119000000000003,3.8613999999999997,-1.8392999999999997,3.8592000000000004,1.5249999999999995,0.9399000000000006,1.3720000000000008,-0.8487999999999989,-1.1497000000000002,1.2584999999999997,2.8259,-1.6759000000000004,2.8164,-1.3835999999999995,1.8146000000000004,1.5149,0.048199999999999577,1.5884999999999998,-0.9448999999999996,3.7089000000000003,-1.2096999999999998,-2.7108999999999996,0.3365999999999998,-1.0496999999999996,-0.08669999999999956,-0.5146999999999995,1.6047000000000002,-2.7313,2.7246000000000006,1.513,-0.5780000000000003,-1.7470999999999997,2.7512,2.8632,0.6597,0.07450000000000045,0.2679999999999998,-0.7945000000000002,-1.7950999999999997,-0.7283,-1.0978000000000003,0.49049999999999994,2.6898999999999997,-0.4772999999999996,-1.8125,-1.3131000000000004,0.08390000000000075,-2.8208,0.3450999999999995,-2.240500000000001,-1.2406000000000006,1.0919999999999996,3.6731,1.5062000000000006,-0.1607000000000003,0.6689999999999996,0.04389999999999983,2.6654999999999998,0.21279999999999966,1.6599000000000004,-1.1787999999999998,0.06689999999999952,-0.8526999999999996,-0.8544,-0.6079999999999997,1.3902,-0.8611000000000004,-1.6957999999999993,-2.3625,-0.36350000000000016,0.12089999999999979,2.0359999999999996,2.1662999999999997],"participants2024":3679,"participants2026":3550,"repeaters":2483}